Name,Category,Phone,Email,Website,Number of Reviews,Average Rating,Score
ADC - DENTAL CARE CONTINUE Ltd.,Dentist,02 863624,"adc-online@assistenzadentistica.it,privacy@assistenzadentistica.it",https://www.adcdentalcenter.it/,608,4.8 ⭐,333.6
ADC - DENTAL CARE CONTINUE Ltd.,Dentist,02 863624,"adc-online@assistenzadentistica.it,privacy@assistenzadentistica.it",https://www.adcdentalcenter.it/,608,4.8 ⭐,333.6
Dentista.tv Milano,Dentist,02 5523 0517,privacy@dentista.tv,https://www.dentista.tv/,595,4.7 ⭐,326.9
Dentista.tv Milano,Dentist,02 5523 0517,privacy@dentista.tv,https://www.dentista.tv/,595,4.7 ⭐,326.9
Clinica Odontoiatrica Mancini,Dentist,02 545 0351,"info@clinicaodontoiatricamancini.it,protocollo@pec.gdpd.it",http://www.clinicaodontoiatricamancini.it/,402,5 ⭐,231.0
Studio Dentistico San Gottardo - Dentista a Milano,Dentist;Cosmetic dentist;Dental clinic;Dental implants periodontist;Dental implants provider;Denture care center;Endodontist;Orthodontist;Pediatric dentist;Prosthodontist,02 832 3344,info@studiosangottardo.it,https://www.studiosangottardo.it/,372,4.9 ⭐,215.8
Studio Dentistico San Gottardo - Dentista a Milano,Dentist;Cosmetic dentist;Dental clinic;Dental implants periodontist;Dental implants provider;Denture care center;Endodontist;Orthodontist;Pediatric dentist;Prosthodontist,02 832 3344,info@studiosangottardo.it,https://www.studiosangottardo.it/,372,4.9 ⭐,215.8
ADEC Dentista,Dentist;Cosmetic dentist;Dental hygienist;Emergency dental service;Endodontist;Oral surgeon;Orthodontist;Pediatric dentist;Periodontist;Prosthodontist,02 4070 2111,contattaci@adec.it,http://www.adec.it/,355,4.6 ⭐,206.7
Studio Virzi Odontoiatria Specialistica,Dentist,02 2952 7359,info@studiovirzi.com,http://www.studiovirzi.com/,309,5 ⭐,184.5
Studio Virzi Odontoiatria Specialistica,Dentist,02 2952 7359,info@studiovirzi.com,http://www.studiovirzi.com/,309,5 ⭐,184.5
Studio Dentistico Passion Smile/Dr. Carmelo Maida,Dentist;Dental hygienist;Endodontist;Oral surgeon;Orthodontist;Pediatric dentist;Prosthodontist,02 4948 0450,info@passionsmile.it,http://www.passionsmile.it/,303,5 ⭐,181.5
Studio Dentistico Passion Smile/Dr. Carmelo Maida,Dentist;Dental hygienist;Endodontist;Oral surgeon;Orthodontist;Pediatric dentist;Prosthodontist,02 4948 0450,info@passionsmile.it,http://www.passionsmile.it/,303,5 ⭐,181.5
Studio Dentistico White Smile Milano,Dentist,02 3657 2593,info@whitesmilemilano.com,http://sbiancamentodentimilano.com/,292,5 ⭐,176.0
Studio Dentistico White Smile Milano,Dentist,02 3657 2593,info@whitesmilemilano.com,http://sbiancamentodentimilano.com/,292,5 ⭐,176.0
Dental Milano,Dentist;Cosmetic dentist;Dental clinic;Dental hygienist;Dental implants periodontist;Dental laboratory;Orthodontist;Pediatric dentist;Specialized clinic,02 3595 5088,"info@dentalmilano.it,cv@dentalmilano.it",http://www.dentalmilano.it/,272,5 ⭐,166.0
Studio Dentistico AD CARE - Advanced Dental Care,Dentist,02 8001 1069,"info@ad-care.it,privacy@ad-care.it",http://ad-care.it/,261,4.9 ⭐,160.3
Dental 24 hours Gassem Farhang - Dentist Milan,Dentist,02 506 1367,farhangh@libero.it,http://www.dentista24h.it/,249,4.6 ⭐,153.7
Dental 24 hours Gassem Farhang - Dentist Milan,Dentist,02 506 1367,farhangh@libero.it,http://www.dentista24h.it/,249,4.6 ⭐,153.7
Studio Bormida | Dentista Milano,Dentist;Dental hygienist;Dental implants periodontist;Dental implants provider;Oral and maxillofacial surgeon;Orthodontist;Pediatric dentist;Periodontist;Prosthodontist,02 876122,info@studiobormida.it,http://studiobormida.it/?utm_source=google&utm_medium=organic&utm_campaign=mybusiness,227,4.9 ⭐,143.3
Studio Bormida | Dentista Milano,Dentist;Dental hygienist;Dental implants periodontist;Dental implants provider;Oral and maxillofacial surgeon;Orthodontist;Pediatric dentist;Periodontist;Prosthodontist,02 876122,info@studiobormida.it,http://studiobormida.it/?utm_source=google&utm_medium=organic&utm_campaign=mybusiness,227,4.9 ⭐,143.3
CrystalDENT Centri Odontoiatrici diventa MADALINEA,Dentist;Cosmetic dentist;Dental implants periodontist;Dental implants provider;Oral surgeon;Prosthodontist,02 3674 5062,info@crystaldent.it,http://www.crystaldent.it/,224,4.9 ⭐,141.8
Studio Dentistico Franco Minnella,Dentist,02 2900 2820,"info@drfrancominnella.it,francominnella@tiscali.it",https://www.dentistaminnella.it/,217,4.9 ⭐,138.3
Clinica Boggian Ermelindi - Odontoiatria e Salute,Dentist;Cosmetic dentist;Dental clinic;Oral surgeon;Orthodontist;Pediatric dentist;Prosthodontist,02 738 3902,info@clinicaboggianermelindi.com,http://www.clinicaboggianermelindi.com/,211,4.9 ⭐,135.3
DentalPro Milano Piazzale Accursio,Dentist;Dental clinic,02 4945 6085,"rec.miaccursio@dentalpro.it,info@dentalpro.it,dpo@dentalpro.it",https://www.dentalpro.it/centri/dentista-milano-piazzale-accursio/,194,4.7 ⭐,126.4
Dr.RIZZA Antonio - Milan Dental Clinic,Dentist;Dental implants periodontist;Dental implants provider;Dental radiology;Emergency dental service;Orthodontist,02 5518 6639,dentistamilanorizzasrl@gmail.com,http://dentistamilanorizza.it/,185,4.8 ⭐,122.1
Dr.RIZZA Antonio - Milan Dental Clinic,Dentist;Dental implants periodontist;Dental implants provider;Dental radiology;Emergency dental service;Orthodontist,02 5518 6639,dentistamilanorizzasrl@gmail.com,http://dentistamilanorizza.it/,185,4.8 ⭐,122.1
Dentista per Bambini | Studio Dentistico DePa&Partners,Dentist,02 551 0597,"info@depaepartners.com,federica@studiodepascalis.eu,info@solutiongroupcomunication.com",http://www.dentistaperbambinimilano.it/,181,4.9 ⭐,120.3
Dott Fiocchi Clinica Odontoiatrica - Dentista a Milano,Dentist,02 6900 5489,info@dottorfiocchi.com,https://dottorfiocchi.com/,177,4.9 ⭐,118.3
Studio Medico Dentistico Brotto Del Ponte | Milano,Dentist;Cosmetic dentist;Dental implants periodontist;Orthodontist,02 8324 1563,"segreteria@studiobrottodelponte.com,info@studiobrottodelponte.com",https://www.studiobrottodelponte.com/?utm_source=google&utm_medium=mybusiness&utm_campaign=mybusiness-link-sito_web,148,4.9 ⭐,103.8
Dentista in Centro - Studio Dentistico Bittante,Dentist;Dental hygienist;Orthodontist;Pediatric dentist;Periodontist;Prosthodontist,02 7602 3575,"segreteria@studiobittante.com,privacy@studiobittante.com",http://www.studiobittante.it/,138,5 ⭐,99.0
Biodens Odontoiatria Mininvasiva,Dentist;Cosmetic dentist;Orthodontist;Pediatric dentist;Prosthodontist,02 5004 2043,info@biodens.it,http://www.biodens.it/,136,5 ⭐,98.0
Studio Dentistico Restuccia - Milano Porta Romana,Dentist,02 9710 3482,info@studiodentisticorestuccia.com,http://www.studiodentisticorestuccia.com/,134,5 ⭐,97.0
SANIDENT - DENTISTA MILANO - IMPLANTOLOGIA MILANO,Dentist;Dental clinic;Dental implants periodontist;Dental implants provider;Denture care center;Medical office;Orthodontist;Periodontist;Prosthodontist,02 3663 7200,"info@sanident.com,prenotazioni.implantologia@sanident.com,privacy@sanident.com,direzione@sanident.com",https://www.sanident.com/,135,4.2 ⭐,95.9
Studio Dentistico Riceputi,Dentist;Orthodontist;Pediatric dentist,02 349 0801,studio@riceputi.it,https://www.riceputi.it/,131,5 ⭐,95.5
Poliambulatorio Sacilotto - Dentista Milano,Dentist;Cosmetic dentist;Dental clinic;Dental hygienist;Dental implants provider;Denture care center;Neurologist;Orthodontist;Pediatric dentist;Teeth whitening service,02 256 7975,"info@poliambulatoriosacilotto.it,elena.sacilotto01@universitadipavia.it,amministrazione@poliambulatoriosacilotto.it",https://poliambulatoriosacilotto.it/,127,5 ⭐,93.5
Dentista Smile & Heart,Dentist,02 5830 8006,info@smileheart.it,http://www.smileheart.it/,119,4.9 ⭐,89.3
Studio dentistico Dentalp Milano,Dentist;Medical office,02 282 0542,"dentalp@libero.it,info@studiodentalp.it",http://www.studiodentalp.it/,114,5 ⭐,87.0
Studio dentistico Dentalp Milano,Dentist;Medical office,02 282 0542,"dentalp@libero.it,info@studiodentalp.it",http://www.studiodentalp.it/,114,5 ⭐,87.0
Pieroni Smile | Milano,Dentist,02 204 9306,info@pieronismile.it,https://studiodentisticopieroni.it/,113,5 ⭐,86.5
SMILE Centri Dentistici - Milano Affori,Dentist;Cosmetic dentist;Dental clinic;Dental hygienist;Dental implants provider;Dental radiology;Denture care center;Pediatric dentist;Prosthodontist,02 3668 4821,"affori@centri-smile.it,bollate@centri-smile.it,cologno@centri-smile.it,info@centri-smile.it",https://centri-smile.it/?utm_source=google&utm_medium=organic&utm_campaign=GMB&utm_content=business-profile,100,4.7 ⭐,79.4
Odontoiatria Santoro Milano,Dentist,02 5831 5402,segreteria@odontoiatria-santoro.it,http://www.odontoiatriasantoro.it/,98,5 ⭐,79.0
Odontoiatria Milano-Smile Center,Dentist,392 035 8940,"info@odontoiatria-milano.it,fisioglobe@pec.it",https://odontoiatria-milano.it/,93,4.8 ⭐,76.1
CDD - Centro Dentistico D'eccellenza (Milano),Dentist,02 3668 5490,"infopioltello@studicdd.com,infomilano@studicdd.com,infotorino@studicdd.com,infosaronno@studicdd.com",https://www.studicdd.com/,92,4.9 ⭐,75.8
Studio Medico Dentistico Aiello - Milano,Dentist,02 2740 0858,segreteria@studiodentisticoaiello.com,https://www.studiodentisticoaiello.com/,90,4.9 ⭐,74.8
DentalPro Milano Lorenteggio,Dentist;Dental hygienist;Dental implants provider;Dental clinic;Orthodontist;Prosthodontist,02 4771 2744,"rec.milano16@dentalpro.it,info@dentalpro.it,dpo@dentalpro.it",https://www.dentalpro.it/centri/dentista-milano-via-lorenteggio/,89,4.7 ⭐,73.9
Studio Dentistico Lazzari,Dentist,335 716 1178,info@studiodentisticolazzari.it,http://studiodentisticolazzari.it/,84,4.9 ⭐,71.8
DentalPro Milano Piazzale Maciachini,Dentist;Dental clinic,02 8419 1999,"rec.mimaciachini@dentalpro.it,info@dentalpro.it,dpo@dentalpro.it",https://www.dentalpro.it/centri/dentista-milano-piazzale-maciachini/,81,4.3 ⭐,69.1
Studio Dentistico Piredda Paola,Dentist,351 920 6066,dottoressapiredda@gmail.com,http://www.dottoressapiredda.com/,77,5 ⭐,68.5
Studio Dr Cannizzo Gianpaolo,Dentist,02 2052 0851,info@cannizzostudio.com,http://www.cannizzostudio.com/,76,4.8 ⭐,67.6
Studio Dentistico Dr Johannes Schmitz,Dentist,02 2952 2689,info@studioschmitz.it,http://www.studioschmitz.it/,71,4.9 ⭐,65.3
Studio Dentistico Dr Johannes Schmitz,Dentist,02 2952 2689,info@studioschmitz.it,http://www.studioschmitz.it/,71,4.9 ⭐,65.3
Studio medico odontoiatrico Rossini,Dentist,02 463640,"info@studiomedicorossini.it,info@studiomedicorossini.com",http://www.studiomedicorossini.it/,71,4.9 ⭐,65.3
Studio Dentistico Bassi Breschigliaro,Dentist,02 2682 6850,"info@studiodentisticobassi.it,info@studiobassibreschigliaro.it",https://www.studiodentisticobassi.it/,70,4.9 ⭐,64.8
Centro Dentistico Bessarione Sas,Dentist,02 539 2432,taccaalvarado@libero.it,http://www.centrodentisticobessarione.it/,69,4.9 ⭐,64.3
I Molfino | Dentisti a Milano,Dentist,02 498 4939,"studiomolfino@studiomolfino.it,segreteria@studiomolfino.it,studiomolfinosesto@virgilio.it,molfinostudio@gmail.com",http://www.studiomolfino.eu/,67,5 ⭐,63.5
DentalPro Milano San Siro,Dentist;Dental hygienist;Dental implants provider;Dental clinic;Orthodontist;Prosthodontist,02 8965 8850,"rec.milano19@dentalpro.it,info@dentalpro.it,dpo@dentalpro.it",https://www.dentalpro.it/centri/dentista-milano-via-dolci/,69,4.5 ⭐,63.5
Odontoprotesi Buenos Ayres,Dentist;Orthodontist,02 2952 4190,odontoprotesibuenosayres@gmail.com,https://www.odontoprotesibuenosayres.it/,68,3.9 ⭐,61.8
Doctor Dentist srl,Dentist;Dental clinic,02 9280 0393,"rec.miripamonti@dentalpro.it,info@dentalpro.it,dpo@dentalpro.it",https://www.dentalpro.it/centri/dentista-milano-via-ripamonti/,66,4.1 ⭐,61.2
Dr. Leonardo Bianconi - Invisalign e sbiancamento a Milano,Orthodontist;Cosmetic dentist,351 437 8388,"dr.leonardobianconi@gmail.com,dr.leonardobianconi@qmail.com",https://www.drleonardobianconi.com/,62,5 ⭐,61.0
Spacedent,Dentist,02 6698 6832,spacedent@pec.net,http://www.spacedent.it/,62,4.9 ⭐,60.8
Smileness Dentista e medico estetico a Milano,Dentist;Dental supply store,392 170 7540,kairosclinics@gmail.com,https://smileness.it/,60,5 ⭐,60.0
Mirò - Centro Dentale Milano Solari,Dentist;Dental clinic,02 4771 2699,"info@mirosolari.it,info@colosseumdental.it,dpo@colosseumdental.it",https://www.miro.bz/it/centri-mir%C3%B2-sul-territorio/milano/66-0.html,61,4.7 ⭐,59.9
Dental Studio Invernizzi,Dentist;Apprenticeship center;Cosmetic dentist;Dental laboratory;Pediatric dentist;Plastic surgeon;Plastic surgery clinic;Visitor center,02 7600 5778,info@dsinvernizzi.it,https://www.dentalstudioinvernizzi.it/,55,5 ⭐,57.5
Dentista Milano | Studio Dentistico Monteceneri Sas,Dentist,02 3921 5803,dentistamonteceneri@live.it,https://dentistamonteceneri.it/,53,4.9 ⭐,56.3
Dentista Milano | Studio Dentistico Monteceneri Sas,Dentist,02 3921 5803,dentistamonteceneri@live.it,https://dentistamonteceneri.it/,53,4.9 ⭐,56.3
Studio Dentistico Di Donato - Dentista Milano Isola Farini,Dentist;Cosmetic dentist;Dental clinic,02 683616,"info@studiodentisticodidonato.it,aurelioantonio.didonato.iuw5@pec.mi.omceo.it",http://www.studiodentisticodidonato.it/,52,5 ⭐,56.0
Studio Dentistico Neri Pinzuti,Dentist;Cosmetic dentist,02 3055 7583,info@neripinzuti.com,https://www.neripinzuti.com/,53,4.7 ⭐,55.9
Dentista Milano Odontomil - Sempre Aperto 365 Giorni - Sabato Domenica e Agosto,Dentist,02 282 9808,odontomil@gmail.com,https://www.dentistimilano.org/,53,4.2 ⭐,54.9
Studio Odontoprotesico Gratosoglio Srl,Dentist,02 8930 0361,info@dentistagratosoglio.it,http://www.dentistagratosoglio.it/,50,4.8 ⭐,54.6
Bio Dentale Milano,Dentist,02 3656 7663,info@biodentalemilano.it,http://www.biodentalemilano.it/,49,5 ⭐,54.5
Studio dentistico Pelizzoni,Dentist,02 349 2400,info@sdpelizzoni.it,https://www.studiodentisticopelizzoni.it/,47,4.8 ⭐,53.1
Dental Smile Clinic S.r.l.,Dentist,02 2614 5657,"info@dentalsmileclinic.it,info@coopera.company",http://www.dentalsmileclinic.it/,43,5 ⭐,51.5
Studio Dentistico Dr. A.Cibelli,Dentist,02 8940 1403,amministrazione@studiocibelli.it,http://www.studiocibelli.it/,44,4.7 ⭐,51.4
Studio Dentistico PESS srl Milano per IMI-EDN,Dentist;Cosmetic dentist;Dental clinic;Dental hygienist;Dental implants periodontist;Denture care center;Orthodontist;Periodontist,02 7628 0498,"milano@excellencedentalnetwork.com,dpo@excellencedentalnetwork.com,info@excellencedentalnetwork.com",https://www.excellencedentalnetwork.com/sedi/milano/?utm_source=google&utm_medium=google_my_business&utm_campaign=link_mappa_milano,42,4.8 ⭐,50.6
Studio Dentistico Dr. Danilo Tognoni,Dentist,02 8905 5120,info@studiodentisticotognoni.it,http://www.studiodentisticotognoni.it/,40,4.8 ⭐,49.6
BDD Dental,Dentist;Dental clinic;Nutritionist;Osteopath,02 5810 5229,info@bddstudiodentistico.it,http://www.bddstudiodentistico.it/,40,4.7 ⭐,49.4
Studio Emanuele Puzzilli - Clinica Odontoiatrica Associata - Milano Citylife,Dentist,06 567 2828,"puzzilli@hotmail.com,emanuelepuzzilli@gmail.com",https://www.studiodontoiatricopuzzilli.it/,38,4.6 ⭐,48.2
Dental - Dr. Mario Lisa,Dentist,02 2951 0653,info@studiomariolisa.it,https://www.studiomariolisa.it/,36,4.7 ⭐,47.4
Dental Surgery Motta Jones Rossi & Associates,Dentist;Dental hygienist;Dental radiology;Oral surgeon;Orthodontist;Pediatric dentist;Periodontist;Prosthodontist;Teeth whitening service,02 7201 7204,info@studiomottarossi.it,https://www.studiomottarossi.it/,35,4.7 ⭐,46.9
DentalPro Milano Viale Gorizia,Dentist;Dental clinic,02 006 8431,"rec.migorizia@dentalpro.it,info@dentalpro.it,dpo@dentalpro.it",https://www.dentalpro.it/centri/dentista-milano-viale-gorizia/,35,4.5 ⭐,46.5
Dott. Fabio Marando,Dentist,02 738 2650,contatto@miodottore.it,https://www.miodottore.it/fabio-marando-2/dentista/milano?utm_source=google&utm_medium=gmb&utm_campaign=125541,32,4.8 ⭐,45.6
Studio Dentistico Dr. Gorla,Dentist,02 2951 4816,studiodrgorla@gmail.com,http://www.studiogorla.com/,32,4.8 ⭐,45.6
Studio Dentistico Fazio,Dentist,02 2951 2363,info@studiodentisticofazio.it,https://www.studiodentisticofazio.it/,31,4.8 ⭐,45.1
CMM Studio Dentistico,Dentist,02 3954 2385,"info@centromedicodentisticocmm.it,agcormellese@gmail.com",https://www.centromedicodentisticocmm.it/,26,5 ⭐,43.0
DentalPro Milano Stazione Garibaldi,Dentist;Dental hygienist;Dental implants provider;Dental clinic;Orthodontist;Prosthodontist,02 8974 5358,"rec.migaribaldi@dentalpro.it,info@dentalpro.it,dpo@dentalpro.it",https://www.dentalpro.it/centri/dentista-milano-stazione-garibaldi/,27,4.7 ⭐,42.9
Milano Face Institute - Odontoiatria,Dentist;Cosmetic dentist;Dental clinic;Dental implants periodontist;Emergency dental service;Endodontist;Pediatric dentist;Periodontist,02 4800 8828,customerservice@milanofaceinstitute.com,https://milanofaceinstitute.com/odontoiatria/,25,5 ⭐,42.5
SST Clinica Odontoiatrica - Milano,Dentist;Cosmetic dentist;Dental implants periodontist;Denture care center;Pediatric dentist,02 8995 2299,privacy@clinicasst.it,https://www.clinicasst.it/,24,5 ⭐,42.0
Impianti dentali Milano - Dr. Paolo Cusimano Dentista,Dentist;Beauty salon;Dental implants provider;Endodontist;Orthodontist;Prosthodontist,392 170 7540,"infoexcellencedentalcenter@gmail.com,paolocusimano76@gmail.com",https://www.drpaolocusimano.com/,21,5 ⭐,40.5
Studio Medico Dental Giolitti,Dentist;Cosmetic dentist;Dental hygienist;Dental implants periodontist;Dental radiology;Orthodontist;Pediatric dentist;Periodontist;Prosthodontist;Teeth whitening service,02 236 1015,dott.calo@studiodentisticocalo.com,https://www.studiodentisticocalo.com/,22,4.7 ⭐,40.4
Studio Dentistico Bosco - Pomponazzi,Pediatric dentist,02 8480 0452,studiodentisticobosco@gmail.com,http://studiodentisticobosco.it/,20,4.8 ⭐,39.6
Studio Odontoiatrico San Nazaro - Dentista Milano Centro,Dentist,02 8646 4017,info@studiosannazaro.it,http://www.studiosannazaro.it/,18,5 ⭐,39.0
Studio Odontoiatrico San Nazaro - Dentista Milano Centro,Dentist,02 8646 4017,info@studiosannazaro.it,http://www.studiosannazaro.it/,18,5 ⭐,39.0
Studio Dentistico Protesica | Milano,Dentist,02 259 3156,protesicasrl@virgilio.it,https://www.protesica.it/,17,5 ⭐,38.5
"Dott. Alessandro Neglia, Dentista",Dentist;Dental implants periodontist;Dental implants provider;Endodontist;Orthodontist;Pediatric dentist;Periodontist;Prosthodontist;Surgeon,02 498 6766,drneglia@libero.it,https://drnegliadentista.it/,16,5 ⭐,38.0
Amadental - Dentista Milano,Dentist,02 670 5995,Star@2x.png,http://www.amadental.it/,17,4.5 ⭐,37.5
DOM Odontoiatria Milano,Dentist;Cosmetic dentist;Orthodontist;Pediatric dentist,02 6707 2146,"info@domodontoiatria.it,rdp.domodontoiatria@gmail.com,es.scaglione@pec.it",https://domodontoiatria.it/?utm_source=google&utm_medium=mybusiness&utm_campaign=mybusiness-link-sito_web,13,5 ⭐,36.5
Studio associato di odontoiatria Cafaro e Romagnoli,Dentist,02 266 5035,studio@cafaro-romagnoli.it,https://cafaro-romagnoli.it/,11,5 ⭐,35.5
Poliambulatorio Bricchi e Cazzaniga,Dentist,02 688 4524,servizioclienti@stmed.it,https://bricchicazzaniga.it/,11,4.7 ⭐,34.9
GMDENTAL SAS. Dott Stefano Selis dott.ssa Atanaz Darvizeh,Dentist;Orthodontist,02 8974 6482,contatto@miodottore.it,https://www.miodottore.it/stefano-selis/dentista-ortodontista/milano?utm_source=google&utm_medium=gmb&utm_campaign=544601&utm_content=website,3,5 ⭐,31.5
Studio Dentistico Milano S.r.l. - Citysmile,Dentist;Pediatric dentist,02 5519 5385,"segreteria@citysmile.it,info@website.com,info@dlmedia.it,dpo@svmedicalservice.it",http://www.citysmile.it/,3,5 ⭐,31.5
Studio Dentistico Dr.ssa Dieni | Milano Centro,Dentist;Cosmetic dentist;Orthodontist,351 556 9957,info@studiodieni.it,https://www.studiodieni.it/?utm_source=google&utm_medium=organic&utm_campaign=mybusiness-milano&utm_term=link-sede-milano,1,5 ⭐,30.5
DENTISTA IMPLANTOLOGIA MILANO,Dentist,388 752 7525,"stefimariotti@live.it,contactconte@libero.it",http://www.dentistaimplantologiaprezzi.it/prezzi-e-costi/,1,5 ⭐,30.5
DOM Odontoiatria Milano,Dentist,02 6707 2146,"info@domodontoiatria.it,rdp.domodontoiatria@gmail.com,es.scaglione@pec.it",https://domodontoiatria.it/,3,4.3 ⭐,30.1
